{"cameraMode":{"drawMode":0,"name":"Shaded","section":"Shading Mode"},"sceneLighting":true,"audioPlay":false,"sceneViewState":{"m_AlwaysRefresh":false,"showFog":true,"showSkybox":true,"showFlares":true,"showImageEffects":true,"showParticleSystems":true,"showVisualEffectGraphs":true,"m_FxEnabled":true},"in2DMode":false,"pivot":{"x":-0.36685964465141299,"y":1.051019310951233,"z":0.35807764530181887},"rotation":{"x":-0.13258898258209229,"y":-0.8257995843887329,"z":0.21765439212322236,"w":-0.5031182765960693},"size":0.07844562828540802,"orthographic":false}