{"cameraMode":{"drawMode":0,"name":"Shaded","section":"Shading Mode"},"sceneLighting":true,"audioPlay":false,"sceneViewState":{"m_AlwaysRefresh":false,"showFog":true,"showSkybox":true,"showFlares":true,"showImageEffects":true,"showParticleSystems":true,"showVisualEffectGraphs":true,"m_FxEnabled":true},"in2DMode":false,"pivot":{"x":10.098099708557129,"y":0.3671570420265198,"z":0.7676378488540649},"rotation":{"x":0.009894798509776593,"y":0.018723992630839349,"z":-0.0005211055977270007,"w":1.0000649690628052},"size":0.8660253882408142,"orthographic":false}