{"cameraMode":{"drawMode":0,"name":"Shaded","section":"Shading Mode"},"sceneLighting":true,"audioPlay":false,"sceneViewState":{"m_AlwaysRefresh":false,"showFog":true,"showSkybox":true,"showFlares":true,"showImageEffects":true,"showParticleSystems":true,"showVisualEffectGraphs":true,"m_FxEnabled":true},"in2DMode":false,"pivot":{"x":0.017304085195064546,"y":0.6202320456504822,"z":-0.6194087266921997},"rotation":{"x":-0.004604661837220192,"y":-0.993305504322052,"z":-0.051205892115831378,"w":0.1086043044924736},"size":0.6255502104759216,"orthographic":false}