{"cameraMode":{"drawMode":0,"name":"Shaded","section":"Shading Mode"},"sceneLighting":true,"audioPlay":false,"sceneViewState":{"m_AlwaysRefresh":false,"showFog":true,"showSkybox":true,"showFlares":true,"showImageEffects":true,"showParticleSystems":true,"showVisualEffectGraphs":true,"m_FxEnabled":true},"in2DMode":false,"pivot":{"x":-0.3335114121437073,"y":0.7445926666259766,"z":-0.1305772364139557},"rotation":{"x":0.045129626989364627,"y":-0.8253011107444763,"z":0.06492426246404648,"w":0.560120165348053},"size":0.6255502104759216,"orthographic":false}